{
    "homepageData": [
		{
			"title": "Coca Cola Great Britain",
			"subTitle": "Founded in 1886 Dr John S Pemberton",		
			"description": "The Coca Cola Company is the world's leading manufacturer, marketer and distributor of non-alcoholic beverage concentrates and syrups, and produces nearly 400 brands."
		},
		{
			"title": "Coca Cola",
			"subTitle": "New York Harbour, 1886",		
			"description": "It was 1886, John Pemberton, an Atlanta pharmacist, was inspired by simple curiosity. One afternoon, he stirred up a fragrant, caramel-coloured liquid and, when it was done, the mixture was combined with carbonated water and sampled by customers who all agreed - this new drink was something special!"
		},
		{
			"title": "Sprite",
			"subTitle": "West Germany, 1959",		
			"description": "First introduced in 1961, crisp, refreshing, clean-tasting Sprite is now the world's leading lemon and lime flavoured soft drink and is sold in more than 190 different countries. Sprite Zero, part of our no sugar Zero range, offers the delicious lemon lime taste of Sprite without the sugar or calories."
		},
		{
			"title": "Dr Pepper",
			"subTitle": "Texas, 1885",		
			"description": "Dr Pepper's unique, sparkling blend of 23 fruit flavours has been around for well over a century and it's still the same, with that distinctive flavour you just can't quite put your tongue on. It was created by Texas pharmacist Charles Alderton in 1885. The distinctive, bold taste of Dr Pepper has been popular ever since."
		},
		{
			"title": "Fanta",
			"subTitle": "Naples, 1955",		
			"description": "We're all born playful creatures. But the older we become, the less permission we give ourselves to be playful and we can easily feel burnt out or overwhelmed. All this seriousness, we call itthe 'Grey'.But we can always fight back the 'Grey'. How? By taking inspiration from the ones who stayed spontaneous and playful. The ones who bring colour to the world every day. The Colourful People. With our new campaign, Fanta wants to celebrate these Colourful People and reignite that spirit into people from all ages. So grab a Fanta and come play colourful with us."
		}
	]
}