{
    "3DmodelsData":[
        {
            "x3dModelTitle": "Coca Cola X3D Model",
            "x3dCreationMethod": "This X3D model of the coke can has been created in 3ds Max, exported to VRML97 and converted, using the instantreality transcoders, to X3D for display online.",
            "title": "History of Coca Cola",
            "subTitle": "Atlanta Beginnings",		
            "description": "It was 1886, and in New York Harbour, workers were constructing the Statue of Liberty. Eight hundred miles away, another great American symbol was about to be unveiled. Like many people who change history, John Pemberton, an Atlanta pharmacist, was inspired by simple curiosity. One afternoon, he stirred up a fragrant, caramel-coloured liquid and, when it was done, he carried it a few doors down to Jacobs' Pharmacy. Here, the mixture was combined with carbonated water and sampled by customers who all agreed - this new drink was something special. So Jacobs' Pharmacy put it on sale for five cents (about 3p) a glass."
        },
        {
            "x3dModelTitle": "Sprite X3D Model",
            "x3dCreationMethod": "This X3D model of the sprite bottle has been created in 3ds Max, exported to VRML97 and converted, using the instantreality transcoders, to X3D for display online.",
            "title": "Sprite — Fanta Klare Zitrone",
            "subTitle": "First introduced in 1961",		
            "description": "Crisp, refreshing, clean-tasting Sprite is now the world's leading lemon and lime flavoured soft drink and is sold in more than 190 different countries. Sprite Zero, part of Coca Cola's no sugar Zero range, offers the delicious lemon lime taste of Sprite without the sugar or calories."
        },
        {
            "x3dModelTitle": "Dr Pepper X3D Model",
            "x3dCreationMethod": "This X3D model of the pepper cup has been created in 3ds Max, exported to VRML97 and converted, using the instantreality transcoders, to X3D for display online.",
            "title": "Dr Pepper — Liquid Sunshine",
            "subTitle": "23 fruit flavours",		
            "description": "Dr Pepper's unique, sparkling blend of 23 fruit flavours has been around for well over a century and it's still the same, with that distinctive flavour you just can't quite put your tongue on. It was created by Texas pharmacist Charles Alderton in 1885. He gave a sample of the first ever batch to Wade Morrison, a local shop owner, and Mr Morrison instantly agreed to stock the drink. The distinctive, bold taste of Dr Pepper has been popular ever since."
        },
        {
            "x3dModelTitle": "Fanta X3D Model",
            "x3dCreationMethod": "This X3D model of the pepper cup has been created in 3ds Max, exported to VRML97 and converted, using the instantreality transcoders, to X3D for display online.",
            "title": "Fanta — Liquid Sunshine",
            "subTitle": "23 fruit flavours",		
            "description": "Fanta's unique, sparkling blend of 23 fruit flavours has been around for well over a century and it's still the same, with that distinctive flavour you just can't quite put your tongue on. It was created by Texas pharmacist Charles Alderton in 1885. He gave a sample of the first ever batch to Wade Morrison, a local shop owner, and Mr Morrison instantly agreed to stock the drink. The distinctive, bold taste of Dr Pepper has been popular ever since."
        }
    ]
}